Area,Bedrooms,Bathrooms,Age,Location_Score,Price
,4,,17,3,666529.9587167351
4307.0,3,1.0,1,6,736088.9871126756
1660.0,4,1.0,25,9,345592.62349893886
2094.0,2,1.0,25,1,335714.62661257724
1930.0,2,1.0,39,5,313071.75597489317
1895.0,3,2.0,35,4,344554.1973897083
3892.0,1,1.0,3,8,668103.9654738939
2438.0,2,2.0,37,1,363294.75120373187
2969.0,5,2.0,30,9,560798.3554145683
1266.0,2,3.0,38,6,242071.7989528218
2038.0,2,2.0,34,4,347514.80184663914
1130.0,1,3.0,12,9,294542.108938472
2282.0,4,2.0,19,5,413395.5649099683
2935.0,2,2.0,37,5,491314.1010870666
4244.0,3,2.0,17,5,703764.4381247018
3971.0,4,3.0,10,1,679675.5083987482
3719.0,5,3.0,12,1,659353.0636303072
930.0,1,1.0,16,8,177357.3038883494
2485.0,5,3.0,24,8,486232.86259692983
4180.0,4,3.0,19,6,731665.3083233512
1569.0,4,3.0,8,4,347475.60733772424
3191.0,4,3.0,31,2,539954.2500596251
2315.0,5,1.0,21,2,402361.7882702862
4285.0,4,3.0,17,9,809994.7678802689
3653.0,5,2.0,23,5,622163.1408172615
,4,2.0,37,4,559582.2752454416
2015.0,3,3.0,16,1,360800.32809268375
1755.0,4,3.0,6,7,405292.121887481
3124.0,5,2.0,8,3,594934.198336184
1984.0,2,2.0,25,6,375930.1703552814
1259.0,4,1.0,18,5,267837.43564685
4185.0,2,2.0,25,5,711736.8350272407
821.0,3,2.0,12,5,225621.97966889787
3100.0,1,3.0,15,1,498009.08885757846
1547.0,3,2.0,26,1,273267.87113680784
3704.0,4,,26,3,577637.5639878886
4432.0,2,2.0,32,4,700297.6991743862
1274.0,2,3.0,10,5,288810.7945139979
1882.0,5,3.0,16,2,365068.4197082811
3358.0,2,2.0,7,8,613400.5011895789
2847.0,5,3.0,17,2,517449.2307652044
4347.0,1,1.0,23,9,729496.2509859257
3547.0,4,1.0,26,2,565487.0146695783
1775.0,5,2.0,21,9,378947.7662834493
2606.0,1,2.0,22,7,482671.9023925989
989.0,2,2.0,7,8,246514.54885965082
3805.0,2,3.0,14,2,644850.1588967568
3534.0,1,1.0,15,7,614628.7053970881
3805.0,2,1.0,7,6,647790.049984963
1362.0,1,3.0,9,4,267655.40145835275
,5,1.0,8,7,513570.85038178985
4438.0,5,2.0,23,4,765363.1137491013
2067.0,1,2.0,29,2,334343.71318606794
3679.0,5,2.0,18,7,648172.8731169358
2328.0,5,1.0,31,8,449949.6575030057
4002.0,5,2.0,30,2,671842.972035765
4356.0,3,3.0,39,5,716270.321708231
1446.0,4,3.0,35,1,277053.66563407116
2868.0,2,1.0,18,7,503275.278931907
3688.0,3,3.0,39,8,642438.5569203694
3014.0,5,3.0,17,6,555296.963846095
2097.0,1,1.0,14,5,378919.3084265864
3235.0,5,2.0,31,6,587438.1649987975
1400.0,4,2.0,24,2,275958.2944156297
3163.0,5,2.0,35,1,543617.8900551714
2861.0,1,1.0,34,7,483527.9059052039
1041.0,4,3.0,3,7,303848.49009227345
2841.0,5,2.0,37,2,444551.58977959753
3624.0,4,2.0,26,2,616353.4242770362
4217.0,2,1.0,23,1,649196.2077142308
3412.0,2,,39,8,583687.3752038571
3745.0,5,1.0,15,8,677539.9978454008
2163.0,4,3.0,4,1,424257.4911546342
2939.0,1,1.0,29,8,511882.6254320253
2190.0,5,1.0,22,9,448613.61714588833
,2,1.0,25,4,614579.2838397984
2278.0,2,1.0,13,1,372572.69108943356
4299.0,5,3.0,18,1,675975.8422464299
3356.0,4,3.0,33,3,568486.1347082471
1575.0,2,2.0,16,5,292926.1572397403
834.0,4,3.0,2,5,265861.09308408626
3053.0,2,3.0,35,9,562235.5579742944
3952.0,2,2.0,34,2,611127.945191794
2755.0,3,3.0,30,2,462884.2422659613
2385.0,2,1.0,13,6,419240.27955046366
4259.0,1,1.0,13,9,714072.6076852162
3873.0,5,2.0,18,1,625681.638347128
1821.0,5,2.0,32,9,361830.8076008335
4261.0,4,2.0,32,9,743185.7015857261
3413.0,2,1.0,35,9,593079.7120903903
1929.0,1,3.0,39,5,329484.6545385821
2300.0,4,1.0,29,9,441751.67126386066
1502.0,3,2.0,29,4,293513.9137576509
3249.0,4,3.0,16,2,554249.3269162421
3577.0,4,3.0,10,6,657250.3685692014
2379.0,2,1.0,30,4,377852.19278089725
961.0,3,2.0,25,6,246241.79237746942
1001.0,4,1.0,39,3,205786.8926029317
2781.0,1,3.0,20,6,481264.85740187723
1795.0,1,1.0,5,2,310038.2657462649
,5,1.0,1,2,563363.9895121873
1615.0,3,2.0,30,9,350974.9425056449
4142.0,3,2.0,3,7,734923.4455247655
1255.0,5,3.0,14,3,310048.36192646524
4333.0,4,1.0,30,1,663382.2796651585
2075.0,3,,4,8,410903.6058340796
1816.0,1,1.0,18,6,310635.36370360636
3143.0,1,3.0,37,7,549787.4024205094
3567.0,2,3.0,25,9,633310.4468855083
1137.0,3,2.0,1,5,266781.2623684437
1678.0,4,2.0,15,1,320965.05552398623
1876.0,5,2.0,9,7,417073.7487066672
1591.0,5,1.0,15,5,312043.10480617126
3064.0,4,1.0,24,3,525649.8292565919
1563.0,2,2.0,4,9,358485.34503000876
3035.0,5,1.0,12,1,497624.45740629395
1179.0,3,2.0,37,1,180534.2615636508
1292.0,2,3.0,37,1,222162.704346069
3912.0,3,2.0,6,3,676351.4098397521
1980.0,1,3.0,39,6,366335.7379360147
2862.0,2,1.0,24,3,464842.50315837265
864.0,5,2.0,11,8,261130.1225749024
3368.0,2,1.0,13,2,548276.0650361851
2167.0,2,3.0,34,9,408420.04228416114
1952.0,2,3.0,25,3,377104.81794538087
,2,3.0,7,5,545759.0762718378
3495.0,3,1.0,4,8,634882.1847193105
2295.0,1,1.0,8,2,378609.5062998928
3934.0,4,1.0,20,6,662928.6854101095
1962.0,2,1.0,29,5,342431.2326869949
2322.0,5,3.0,10,9,492930.23943474836
3440.0,2,3.0,34,5,546845.8195350671
1191.0,5,2.0,26,2,202738.3904926337
2498.0,3,2.0,3,5,459107.5250025477
1218.0,5,1.0,6,4,274845.67184377415
3136.0,4,3.0,5,7,610379.5760093023
1178.0,1,3.0,5,6,266398.64487236075
2596.0,5,3.0,23,2,474927.52750714356
4361.0,5,2.0,9,5,759236.574644182
3078.0,1,2.0,35,7,500710.30863524793
3865.0,4,,20,7,695943.8323654631
2888.0,2,3.0,35,5,508394.35668548476
3899.0,5,3.0,18,9,715939.0737838051
2982.0,1,2.0,17,4,484595.93080470455
1000.0,3,3.0,24,3,204161.24109071764
2663.0,1,3.0,3,4,453802.21898237825
1579.0,3,1.0,32,5,276246.9643877947
3777.0,4,1.0,35,6,638261.2916942879
3904.0,2,2.0,38,3,616608.7412575064
3919.0,1,3.0,13,2,640711.2367391554
,5,3.0,25,4,294235.97197360254
3254.0,4,1.0,9,5,564965.2776885626
4445.0,1,2.0,4,4,704731.7004410479
2551.0,5,1.0,14,3,466605.7817272185
1604.0,1,1.0,37,8,301266.86860676977
2946.0,3,1.0,34,4,467177.6483589832
3531.0,1,1.0,11,2,555187.4656909016
2695.0,1,3.0,3,2,468095.0124340976
3573.0,1,3.0,28,1,570619.3321413681
2370.0,4,1.0,29,4,433048.4018493944
1760.0,1,2.0,9,9,382596.8686793396
3460.0,5,2.0,3,7,645746.2866187915
2285.0,3,2.0,25,7,436886.9579225035
3490.0,3,2.0,34,7,617515.3530285907
1828.0,1,1.0,12,8,354925.1774659217
4089.0,4,3.0,9,1,695479.5089333974
1302.0,4,2.0,15,8,317990.0014200078
3614.0,5,1.0,25,4,598550.9271615479
1197.0,1,2.0,5,4,237190.7831384388
1670.0,3,2.0,11,4,313339.48647198355
3642.0,4,1.0,34,6,613105.9677485536
1192.0,1,3.0,24,7,259028.95640966643
1006.0,4,3.0,15,6,253553.2290797788
1838.0,4,1.0,38,1,290637.30882569245
2681.0,3,3.0,8,8,538599.9739114476
,2,,5,7,777470.6845899699
3739.0,5,1.0,26,6,657831.0179705579
2284.0,5,1.0,18,6,399737.7821377649
4446.0,3,3.0,6,5,778289.6270023052
1663.0,4,1.0,37,6,329489.8639406928
3590.0,1,2.0,13,9,614831.8976318465
4112.0,4,3.0,28,9,748473.3890531864
1363.0,3,3.0,5,8,333900.36721703433
1820.0,5,3.0,13,9,441654.3579637424
895.0,4,3.0,17,8,268913.85792520177
2723.0,5,2.0,32,8,500789.7681816119
2557.0,1,3.0,29,1,408737.2278256407
3332.0,5,3.0,3,5,629074.5648592856
4278.0,5,1.0,34,4,696052.3267778492
3078.0,2,3.0,27,2,527088.9441716289
3596.0,2,2.0,13,8,625160.7011791465
2478.0,2,2.0,33,3,421145.76964491775
4042.0,5,2.0,6,4,706566.2548611772
1340.0,3,2.0,24,7,291552.6665949375
1859.0,5,3.0,19,9,424135.66379421554
3372.0,3,3.0,16,2,577272.9199287725
1983.0,3,2.0,28,3,347645.95748332015
2522.0,2,2.0,33,4,442560.37837406533
4114.0,4,3.0,13,1,707136.7488735921
3957.0,1,2.0,25,7,654109.264656301
,2,1.0,36,2,424391.80881183135
3425.0,2,2.0,27,5,575470.2161098928
3529.0,4,2.0,38,1,567114.3638898584
3404.0,1,1.0,7,3,538640.2138100291
2397.0,5,1.0,5,2,427087.5201239229
3860.0,5,3.0,31,1,634472.4473810924
3493.0,2,3.0,23,7,618641.0929749052
1595.0,1,1.0,10,5,301831.74619172316
1851.0,2,1.0,32,1,287758.4844913332
2443.0,3,3.0,30,6,477270.6623410437
4427.0,2,,39,5,693933.6299218314
2163.0,2,1.0,31,3,347973.03565308324
2781.0,5,3.0,18,7,527305.9100605256
2154.0,5,2.0,36,9,418071.9354259511
2463.0,5,1.0,2,9,523018.67566007696
2329.0,3,2.0,14,9,457602.527002928
2838.0,5,3.0,13,2,509049.5430590959
4219.0,1,1.0,29,3,615100.3468662557
2296.0,4,2.0,12,7,443799.68028316624
4102.0,1,1.0,39,5,630420.7958870754
3037.0,1,2.0,2,2,488788.9556032068
4096.0,5,3.0,32,3,691058.249165263
2208.0,4,3.0,13,6,467659.46590987337
2200.0,4,1.0,27,7,397990.419895075
2106.0,4,2.0,17,9,423349.25425945094
,3,1.0,31,1,520941.4779970236
3475.0,5,1.0,34,7,584323.538612263
1772.0,4,2.0,24,8,379033.66170332645
2568.0,3,2.0,35,3,427930.03105324577
2082.0,2,2.0,6,4,401452.85318913363
4230.0,2,3.0,19,6,754997.5683748139
1509.0,3,1.0,30,7,263894.13302136277
2279.0,3,1.0,7,4,416151.1806266266
2234.0,5,3.0,10,8,465320.7099834966
1448.0,5,2.0,32,5,310633.4894705018
1117.0,2,3.0,34,1,195671.31998389846
4096.0,4,3.0,28,4,698209.8414129626
2057.0,2,3.0,15,3,360302.3385810529
1483.0,4,1.0,30,9,307053.5946233025
1463.0,4,3.0,37,8,325394.9337666239
2798.0,5,1.0,29,1,478241.1722021006
4245.0,1,1.0,22,6,671431.5920888716
2431.0,1,1.0,4,9,448589.6264270453
2295.0,3,2.0,20,7,450414.3446327342
4104.0,5,1.0,32,4,661309.8957445103
1936.0,4,,36,1,327335.77715961187
2653.0,1,2.0,4,2,449013.70137910615
2320.0,4,1.0,27,5,415146.84442387766
3289.0,1,3.0,17,5,573462.8345376406
1363.0,1,3.0,12,8,299806.6916989009
,1,1.0,22,6,366098.30229208595
4381.0,5,2.0,17,8,769164.4532352855
4257.0,2,3.0,10,2,700018.4549385168
4258.0,4,2.0,1,3,739880.3644904991
3984.0,5,2.0,22,6,703600.9093346285
2436.0,5,3.0,26,3,452075.5257374143
4496.0,5,2.0,18,6,761919.0252610549
3799.0,5,3.0,14,6,680912.6256597555
3952.0,5,2.0,29,2,658150.6356585748
1498.0,3,3.0,12,7,352282.10845227673
2960.0,4,1.0,36,2,455155.31743218866
801.0,5,3.0,35,6,208552.6212882175
1441.0,4,3.0,12,1,296762.7776126658
3067.0,3,3.0,7,3,552341.8179394364
2389.0,3,3.0,29,2,390190.6418685844
1654.0,4,2.0,11,7,363323.44520159985
2559.0,1,1.0,33,4,392274.48284654674
4096.0,2,3.0,6,8,760815.6994459344
3232.0,1,2.0,15,6,558537.9781410348
4274.0,1,1.0,32,4,666022.1017481385
2461.0,1,1.0,11,5,427660.38953285915
1953.0,5,1.0,23,9,384141.08929021156
1876.0,3,1.0,26,7,380358.15339662903
2507.0,1,3.0,34,9,437906.3312882324
3577.0,3,3.0,34,7,638685.5471254961
,4,2.0,29,1,426729.95906220976
2533.0,2,2.0,4,8,481994.9643013056
2239.0,4,2.0,17,4,427446.75475070084
3094.0,4,1.0,35,3,496336.4020176439
1635.0,5,1.0,13,7,340518.07832716336
4310.0,2,,39,3,695743.3875402939
1002.0,4,1.0,15,8,236201.58513368148
4055.0,4,1.0,29,6,673086.1726186364
922.0,2,1.0,29,5,169587.34876905064
1200.0,2,2.0,11,4,243760.30735640583
1566.0,4,2.0,32,8,336990.92898695276
1093.0,2,3.0,2,8,281634.5044148069
3127.0,4,1.0,14,1,512365.14130391454
3731.0,4,1.0,20,9,655102.8212214763
4481.0,5,3.0,22,5,802409.9499836182
997.0,1,1.0,11,4,198489.18597320834
3829.0,4,1.0,27,6,648251.0444945007
2730.0,3,2.0,3,6,524151.27756935137
4382.0,1,3.0,17,2,698987.9813483767
3599.0,1,3.0,28,8,638138.8583749976
2991.0,1,3.0,29,7,530042.6661874912
1408.0,5,3.0,21,1,265586.636458689
4072.0,4,2.0,16,5,680179.5375034885
1947.0,5,2.0,37,6,367065.544208239
986.0,4,1.0,20,4,191084.90256202244
,5,1.0,6,2,699775.8230895062
3311.0,5,1.0,19,4,555643.930128762
4220.0,3,1.0,5,1,678534.1542039362
2594.0,5,2.0,3,7,542675.6406389718
1459.0,2,3.0,1,2,297909.3464466572
3611.0,3,2.0,38,2,567505.533176471
3802.0,5,1.0,15,9,695123.6397167802
2755.0,1,2.0,34,5,442003.703106161
3250.0,2,3.0,35,2,539151.21464094
2169.0,2,3.0,25,9,439778.1942968617
2786.0,2,2.0,24,9,511682.98343072843
2334.0,3,2.0,12,1,406014.7374745038
946.0,5,2.0,18,3,254926.18865844278
4019.0,5,1.0,15,4,695984.683154018
3711.0,1,2.0,16,7,666442.8994674201
2534.0,1,,27,4,427680.45289938676
2643.0,2,2.0,8,2,430774.62835993967
1288.0,1,3.0,25,7,270267.3944570424
3776.0,3,3.0,17,6,643496.926881779
2759.0,5,1.0,29,3,475974.54552000377
2463.0,2,1.0,8,6,454031.06296018104
3398.0,1,3.0,15,6,581411.2600606108
3185.0,3,3.0,27,5,550515.4543052972
3719.0,3,3.0,7,4,658681.2634435282
1440.0,1,2.0,3,1,242428.43905103672
,5,2.0,29,6,464402.603461362
3320.0,1,3.0,24,2,558779.4807206168
2769.0,2,2.0,3,3,487470.6592724595
2998.0,1,2.0,20,8,521328.35963441065
2238.0,3,1.0,15,6,385318.2166716417
4169.0,1,3.0,25,3,687135.270353417
2434.0,5,3.0,30,7,469832.2268167455
1062.0,4,2.0,14,4,272410.2666880581
2587.0,1,3.0,7,9,519539.6514654017
2991.0,5,1.0,17,5,521127.87218389096
3193.0,5,1.0,20,3,533217.9245430279
1423.0,3,1.0,36,2,257077.76744416496
1816.0,5,3.0,9,2,371336.1082974824
4443.0,5,3.0,38,3,732150.3315751494
1680.0,5,3.0,22,2,337015.82532714854
2849.0,5,3.0,2,4,544181.3102491931
3744.0,2,3.0,24,2,617415.7271566225
2127.0,2,1.0,8,9,415312.6456772261
3101.0,3,2.0,11,2,541082.6197076726
1252.0,1,1.0,13,9,263371.3884514131
3908.0,5,3.0,17,6,695527.7544996553
1983.0,1,1.0,8,1,315615.2295506462
3862.0,1,3.0,21,4,635773.7415266393
2856.0,3,3.0,18,1,488636.9927720901
4104.0,5,1.0,30,6,702118.1043208584
,5,,18,4,709598.6345120788
2482.0,4,2.0,31,3,447094.8801378785
3663.0,1,3.0,38,3,570677.6548339971
3055.0,1,2.0,32,9,537680.8018457666
1954.0,2,2.0,11,6,388809.79770531075
1203.0,4,3.0,25,9,297336.69390532206
2999.0,2,1.0,33,5,482135.5342052643
2901.0,2,2.0,38,2,429300.33188671805
3991.0,2,1.0,8,8,701652.865426886
2496.0,3,2.0,11,5,457967.52696520195
1427.0,3,3.0,22,2,290748.462650215
1386.0,2,3.0,24,4,279190.7427681927
2448.0,4,2.0,17,9,486022.5215653769
2243.0,1,3.0,12,4,385157.9580097127
2245.0,4,2.0,32,4,379125.7108392534
903.0,5,3.0,15,2,189552.80723487388
1053.0,3,1.0,16,6,223310.79775757017
4098.0,1,3.0,22,2,693473.7305477187
3983.0,1,1.0,28,7,625530.78915723
3357.0,5,3.0,20,3,559078.5217487015
2296.0,5,1.0,33,3,408240.033793783
898.0,2,3.0,10,5,263155.7680394505
3000.0,3,1.0,32,3,485068.81597889704
2684.0,3,2.0,33,2,443330.98592079943
3761.0,4,2.0,2,9,699101.7688953438
,2,1.0,33,2,392336.1415423491
1677.0,2,3.0,33,2,271189.3212338479
1137.0,2,1.0,13,8,249198.70005902223
3669.0,2,3.0,30,9,643723.1698995539
4034.0,3,2.0,33,7,679772.4060834509
1756.0,3,3.0,13,3,359239.8723589224
2504.0,2,2.0,26,9,457672.4325212447
960.0,4,3.0,22,3,239345.75134606916
2403.0,1,3.0,39,5,400020.6543514585
3648.0,1,3.0,2,9,687373.5938929863
1197.0,4,,38,3,214245.51350610136
2100.0,2,1.0,39,7,352662.5448861773
1615.0,3,2.0,26,1,280089.4109082333
2327.0,1,2.0,15,4,398646.9173676365
2719.0,5,1.0,34,4,465747.01356519957
2215.0,5,2.0,11,7,466421.5929777621
1958.0,4,1.0,3,8,407791.76602376526
2018.0,2,3.0,6,1,362956.46720719326
1200.0,1,2.0,9,5,232347.25692633755
1439.0,2,2.0,6,7,323337.6702893757
3904.0,1,1.0,9,4,637024.0833960408
3535.0,4,2.0,39,4,567720.8572360872
1259.0,4,2.0,31,4,266182.4141688114
1754.0,5,3.0,32,6,349727.23951096495
1269.0,2,2.0,12,7,297388.3268685084
,5,3.0,8,2,748617.9499078053
1845.0,2,1.0,8,5,348444.982838971
3597.0,5,2.0,28,4,612295.0726124945
2493.0,3,3.0,20,3,457586.6967399968
2885.0,3,1.0,7,7,541495.5799286177
3077.0,3,2.0,11,6,565235.2788166226
4236.0,3,1.0,20,7,702346.2496741065
1362.0,1,2.0,16,5,269111.10473533196
3285.0,3,1.0,4,6,597930.5247944256
2599.0,4,1.0,6,5,510636.4727083506
4154.0,4,3.0,22,7,734621.805382512
2874.0,1,1.0,26,2,453768.24659197143
1025.0,3,2.0,3,5,267167.20780126477
4148.0,3,2.0,14,6,701213.9250151536
1597.0,3,3.0,11,6,376081.1747709222
4480.0,5,2.0,18,5,754422.2297387483
3131.0,2,2.0,12,7,573384.7827254946
3726.0,5,2.0,23,8,679879.796693206
1759.0,2,1.0,12,7,341283.6333999724
2304.0,3,1.0,13,5,453202.49922172964
1252.0,3,,25,1,221281.171470098
3867.0,5,3.0,19,5,687489.8161090709
1615.0,5,1.0,36,2,300022.18211096694
1458.0,2,3.0,8,5,325527.0566713018
4387.0,4,2.0,29,5,752481.4838143783
,2,2.0,32,2,231253.0407351167
2015.0,5,1.0,18,5,390404.13925518247
3920.0,5,2.0,6,4,721314.0341949186
4383.0,1,1.0,18,1,656310.6888062896
816.0,5,2.0,19,3,202056.8443386251
4043.0,1,2.0,22,1,640023.8110713817
2043.0,4,1.0,37,5,354112.08769868244
3005.0,2,1.0,32,4,470797.8118107545
3324.0,2,1.0,3,7,595277.2676917978
1869.0,1,2.0,28,5,346787.0849973724
4244.0,2,2.0,10,4,704487.4845579121
3365.0,5,3.0,35,2,571221.1556878388
2946.0,3,1.0,29,4,474384.6796147485
2568.0,1,2.0,15,2,418760.347348914
1860.0,2,2.0,33,8,369654.0911974528
3127.0,1,1.0,7,3,510865.94306040485
4220.0,1,3.0,12,9,733525.1400860457
3344.0,3,1.0,30,4,546535.4357048549
1101.0,5,3.0,21,6,298717.91016479064
980.0,1,2.0,31,5,181371.71504678857
1406.0,2,3.0,24,1,235170.92170606655
3970.0,4,2.0,20,9,746362.3773980913
1499.0,1,1.0,37,1,192772.0597493513
1792.0,1,1.0,4,8,347614.66154216323
1939.0,3,1.0,28,9,377731.92767788004
,5,3.0,20,9,287413.58448133565
3100.0,4,2.0,24,1,513076.3373301747
1780.0,2,1.0,32,2,288252.5725181189
3775.0,4,1.0,36,1,550174.175134308
2806.0,2,2.0,34,2,427096.5829271422
1984.0,5,,36,8,384063.89079105493
4127.0,2,2.0,2,5,700586.7448203958
4194.0,3,2.0,15,7,729041.168874134
927.0,3,2.0,34,2,177664.79923946958
2865.0,3,2.0,36,8,478811.2000679351
2616.0,3,2.0,6,6,512304.6049822747
2558.0,4,3.0,39,8,478425.98175349477
3413.0,5,1.0,12,1,557567.3022283599
1369.0,2,3.0,3,1,277875.32943938917
2146.0,2,1.0,18,7,392907.40341673366
2695.0,3,3.0,21,8,536000.3622648196
3533.0,3,2.0,15,3,600028.0974415502
1425.0,1,1.0,33,5,256521.66272036452
4159.0,5,1.0,35,1,640777.3393685844
3701.0,4,3.0,26,7,667077.9158281125
2486.0,2,3.0,8,5,451578.78439012665
3809.0,1,1.0,36,8,618615.1378334042
954.0,1,3.0,30,8,224385.6806659717
3337.0,2,3.0,23,9,607590.5386219864
2209.0,4,3.0,14,7,453322.08671457553
,1,2.0,14,1,279845.842052769
3975.0,1,2.0,2,3,633739.6051449613
4264.0,5,3.0,37,8,740703.1820582374
1045.0,4,3.0,5,3,259141.42259882236
4047.0,1,2.0,38,8,647770.0536579313
3910.0,4,2.0,14,1,648391.7115930157
2300.0,2,1.0,39,5,372437.21218138386
2505.0,3,1.0,25,4,401693.6503242112
3606.0,1,2.0,20,5,575102.5228061859
1337.0,5,3.0,2,8,317793.17646676104
2690.0,2,3.0,39,4,435389.9492547713
2641.0,4,3.0,6,4,506164.848873159
1720.0,2,3.0,17,3,328942.81734411314
3255.0,1,1.0,25,7,542278.4933944268
1324.0,4,2.0,28,3,247331.2178099893
3675.0,3,,2,3,647575.4477396776
2329.0,2,1.0,35,5,388308.6691386218
3750.0,1,3.0,37,5,594079.4667574827
835.0,5,2.0,5,6,249099.9361158581
1484.0,4,1.0,1,8,350247.2181775264
819.0,2,2.0,12,6,199088.41805265678
3168.0,2,2.0,36,1,505933.514955244
3359.0,3,1.0,23,8,578238.4848426254
1199.0,3,1.0,31,8,238749.08717315388
3501.0,5,1.0,11,9,657302.6176782938
